-- MySQL Script generated by MySQL Workbench
-- Sat Jun 14 10:59:25 2025
-- Model: New Model    Version: 1.0
-- MySQL Workbench Forward Engineering

SET @OLD_UNIQUE_CHECKS=@@UNIQUE_CHECKS, UNIQUE_CHECKS=0;
SET @OLD_FOREIGN_KEY_CHECKS=@@FOREIGN_KEY_CHECKS, FOREIGN_KEY_CHECKS=0;
SET @OLD_SQL_MODE=@@SQL_MODE, SQL_MODE='ONLY_FULL_GROUP_BY,STRICT_TRANS_TABLES,NO_ZERO_IN_DATE,NO_ZERO_DATE,ERROR_FOR_DIVISION_BY_ZERO,NO_ENGINE_SUBSTITUTION';

-- -----------------------------------------------------
-- Schema mydb
-- -----------------------------------------------------
DROP SCHEMA IF EXISTS `mydb` ;

-- -----------------------------------------------------
-- Schema mydb
-- -----------------------------------------------------
CREATE SCHEMA IF NOT EXISTS `mydb` DEFAULT CHARACTER SET utf8 ;
USE `mydb` ;

-- -----------------------------------------------------
-- Table `mydb`.`medicamento`
-- -----------------------------------------------------
DROP TABLE IF EXISTS `mydb`.`medicamento` ;

CREATE TABLE IF NOT EXISTS `mydb`.`medicamento` (
  `id_medicamento` INT NOT NULL,
  `nombre` VARCHAR(45) NOT NULL,
  `precio_minorista` INT NOT NULL CHECK (precio_minorista > 0),
  `precio_mayorista` VARCHAR(45) NULL CHECK (precio_mayorista > 0),
  `almacenamiento` VARCHAR(45) NOT NULL,
  `via_administración` VARCHAR(45) NOT NULL,
  `efectos_adversos` VARCHAR(100) NOT NULL,
  `requiere_receta` TINYINT NULL CHECK (requiere_receta IN (0,1)),
  PRIMARY KEY (`id_medicamento`))
ENGINE = InnoDB;

-- Inserto datos en medicamentos
INSERT INTO `mydb`.`medicamento` 
  (id_medicamento, nombre, precio_minorista, precio_mayorista, almacenamiento, via_administración, efectos_adversos, requiere_receta) VALUES
(223, 'Paracetamol', 150.00, 130.00, 'Seco', 'Oral', 'Ninguno', 0),
(345, 'Ibupirac cápsulas blandas', 250.00, 220.00, 'Lugar seco y temperatura ambiente', 'Oral', 'Náuseas, vómitos, diarrea, mareos, somnolencia, urticaria', 0),
(456, 'Ibupirac Alivio Inmediato comprimidos', 300.00, 270.00, 'Lugar fresco y seco', 'Oral', 'Náuseas, vómitos, diarrea, mareos, somnolencia, urticaria', 1),
(678, 'Voltaren inyectable', 500.00, 450.00, 'Refrigeración y proteger de la luz', 'Parenteral', 'Molestias digestivas y reacción alérgica', 1);

-- -----------------------------------------------------
-- Table `mydb`.`droga`
-- -----------------------------------------------------
DROP TABLE IF EXISTS `mydb`.`droga` ;

CREATE TABLE IF NOT EXISTS `mydb`.`droga` (
  `id_droga` INT NOT NULL,
  `nombre_droga` VARCHAR(45) NOT NULL,
  PRIMARY KEY (`id_droga`))
ENGINE = InnoDB;

-- Inserto datos en droga
INSERT INTO `mydb`.`droga` (id_droga, nombre_droga) VALUES
(1, 'Acetaminofén'),
(2, 'Ibuprofeno');
-- -----------------------------------------------------
-- Table `mydb`.`compuesto_por`
-- -----------------------------------------------------
DROP TABLE IF EXISTS `mydb`.`compuesto_por` ;

CREATE TABLE IF NOT EXISTS `mydb`.`compuesto_por` (
  `medicamento_id_medicamento` INT NOT NULL,
  `droga_id_droga` INT NOT NULL,
  `concentración` INT NOT NULL CHECK (concentración >= 0),
  PRIMARY KEY (`medicamento_id_medicamento`, `droga_id_droga`),
  INDEX `fk_medicamento_has_droga_droga1_idx` (`droga_id_droga` ASC) VISIBLE,
  INDEX `fk_medicamento_has_droga_medicamento_idx` (`medicamento_id_medicamento` ASC) VISIBLE,
  CONSTRAINT `fk_medicamento_has_droga_medicamento`
    FOREIGN KEY (`medicamento_id_medicamento`)
    REFERENCES `mydb`.`medicamento` (`id_medicamento`)
    ON DELETE NO ACTION
    ON UPDATE NO ACTION,
  CONSTRAINT `fk_medicamento_has_droga_droga1`
    FOREIGN KEY (`droga_id_droga`)
    REFERENCES `mydb`.`droga` (`id_droga`)
    ON DELETE NO ACTION
    ON UPDATE NO ACTION)
ENGINE = InnoDB;

-- Inserto datos en compuesto_por
INSERT INTO `mydb`.`compuesto_por` (medicamento_id_medicamento, droga_id_droga, concentración) VALUES
(1, 1, 500),
(2, 2, 400);
-- -----------------------------------------------------
-- Table `mydb`.`proveedor`
-- -----------------------------------------------------
DROP TABLE IF EXISTS `mydb`.`proveedor` ;

CREATE TABLE IF NOT EXISTS `mydb`.`proveedor` (
  `id_proveedor` INT NOT NULL,
  `nombre_proveedor` VARCHAR(45) NOT NULL,
  `CUIT` BIGINT NOT NULL CHECK (CUIT > 0),
  `telefono_proveedor` INT NOT NULL CHECK (telefono_proveedor > 0),
  `email_proveedor` VARCHAR(45) NOT NULL,
  PRIMARY KEY (`id_proveedor`))
ENGINE = InnoDB;

-- Inserto datos en proveedor
INSERT INTO `mydb`.`proveedor` (id_proveedor, nombre_proveedor, CUIT, telefono_proveedor, email_proveedor) VALUES
(1, 'Farmacia Central', 20304050625, 1145678900, 'contacto@farmaciacentral.com'),
(2, 'Distribuidora Salud', 20304050689, 1145678999, 'ventas@distribuidorasalud.com');
-- -----------------------------------------------------
-- Table `mydb`.`lote_droga`
-- -----------------------------------------------------
DROP TABLE IF EXISTS `mydb`.`lote_droga` ;

CREATE TABLE IF NOT EXISTS `mydb`.`lote_droga` (
  `id_Lote_Droga` INT NOT NULL,
  `precio` VARCHAR(45) NOT NULL CHECK (precio > 0),
  `fecha_ingreso_lote_droga` DATE NOT NULL,
  `estado` TINYINT NOT NULL CHECK (estado IN (0,1)), -- 0: Inactivo, 1: Activo,
  `droga_id_droga` INT NOT NULL,
  `proveedor_id_proveedor` INT NOT NULL,
  PRIMARY KEY (`id_Lote_Droga`, `droga_id_droga`, `proveedor_id_proveedor`),
  INDEX `fk_lote_droga_droga1_idx` (`droga_id_droga` ASC) VISIBLE,
  INDEX `fk_lote_droga_proveedor1_idx` (`proveedor_id_proveedor` ASC) VISIBLE,
  CONSTRAINT `fk_lote_droga_droga1`
    FOREIGN KEY (`droga_id_droga`)
    REFERENCES `mydb`.`droga` (`id_droga`)
    ON DELETE NO ACTION
    ON UPDATE NO ACTION,
  CONSTRAINT `fk_lote_droga_proveedor1`
    FOREIGN KEY (`proveedor_id_proveedor`)
    REFERENCES `mydb`.`proveedor` (`id_proveedor`)
    ON DELETE NO ACTION
    ON UPDATE NO ACTION)
ENGINE = InnoDB;
-- Inserto datos en lote_droga
INSERT INTO `mydb`.`lote_droga` (id_Lote_Droga, precio, fecha_ingreso_lote_droga, estado, droga_id_droga, proveedor_id_proveedor) VALUES
(1, 1000, '2024-06-01', 1, 1, 1),
(2, 1200, '2024-06-10', 1, 2, 2);

-- -----------------------------------------------------
-- Table `mydb`.`lote_medicamento`
-- -----------------------------------------------------
DROP TABLE IF EXISTS `mydb`.`lote_medicamento` ;

CREATE TABLE IF NOT EXISTS `mydb`.`lote_medicamento` (
  `id_lote_medicamento` INT NOT NULL,
  `fecha_ingreso` DATE NOT NULL,
  `estado` VARCHAR(45) NOT NULL CHECK (estado IN ('Activo', 'Inactivo')),
  `medicamento_id_medicamento` INT NOT NULL,
  PRIMARY KEY (`id_lote_medicamento`, `medicamento_id_medicamento`),
  INDEX `fk_lote_medicamento_medicamento1_idx` (`medicamento_id_medicamento` ASC) VISIBLE,
  CONSTRAINT `fk_lote_medicamento_medicamento1`
    FOREIGN KEY (`medicamento_id_medicamento`)
    REFERENCES `mydb`.`medicamento` (`id_medicamento`)
    ON DELETE NO ACTION
    ON UPDATE NO ACTION)
ENGINE = InnoDB;

-- Inserto datos en lote_medicamento
INSERT INTO `mydb`.`lote_medicamento` (id_lote_medicamento, fecha_ingreso, estado, medicamento_id_medicamento) VALUES
(1, '2024-06-05', 'Activo', 1),
(2, '2024-06-12', 'Activo', 2);

-- -----------------------------------------------------
-- Table `mydb`.`analisis`
-- -----------------------------------------------------
DROP TABLE IF EXISTS `mydb`.`analisis` ;

CREATE TABLE IF NOT EXISTS `mydb`.`analisis` (
  `Id_Analisis` INT NOT NULL,
  `tipo_analisis` VARCHAR(45) NOT NULL,
  PRIMARY KEY (`Id_Analisis`))
ENGINE = InnoDB;

-- Inserto datos en analisis
INSERT INTO `mydb`.`analisis` (Id_Analisis, tipo_analisis) VALUES
(1, 'Control de Calidad'),
(2, 'Verificación de Composición');
-- -----------------------------------------------------
-- Table `mydb`.`cliente`
-- -----------------------------------------------------
DROP TABLE IF EXISTS `mydb`.`cliente` ;

CREATE TABLE IF NOT EXISTS `mydb`.`cliente` (
  `id_cliente` INT NOT NULL,
  `nombre_cliente` VARCHAR(45) NOT NULL,
  `apellido_cliente` VARCHAR(45) NOT NULL,
  `tipo_cliente` VARCHAR(45) NOT NULL CHECK (tipo_cliente IN ('Particular', 'Empresa')),
  `telefono_cliente` BIGINT NOT NULL,
  `dirección_cliente` VARCHAR(45) NOT NULL,
  PRIMARY KEY (`id_cliente`))
ENGINE = InnoDB;

-- Inserto datos en cliente
INSERT INTO `mydb`.`cliente` 
  (id_cliente, nombre_cliente, apellido_cliente, tipo_cliente, telefono_cliente, dirección_cliente) VALUES
(1, 'Juan', 'Pérez', 'Particular', 1144556677, 'Av. Siempre Viva 123'),
(2, 'Empresa XYZ', '', 'Empresa', 1144223344, 'Calle Falsa 456');

-- -----------------------------------------------------
-- Table `mydb`.`venta`
-- -----------------------------------------------------
DROP TABLE IF EXISTS `mydb`.`venta` ;

CREATE TABLE IF NOT EXISTS `mydb`.`venta` (
  `id_venta` INT NOT NULL,
  `Fecha_Venta` DATE NOT NULL,
  `Total_Venta` INT NOT NULL CHECK (Total_Venta > 0),
  `Forma_De_Pago` VARCHAR(45) NOT NULL CHECK (Forma_De_Pago IN ('Efectivo', 'Tarjeta', 'Transferencia')),
  `Cantidad` INT NOT NULL CHECK (Cantidad > 0),
  `cliente_id_cliente` INT NOT NULL,
  PRIMARY KEY (`id_venta`, `cliente_id_cliente`),
  INDEX `fk_venta_cliente1_idx` (`cliente_id_cliente` ASC) VISIBLE,
  CONSTRAINT `fk_venta_cliente1`
    FOREIGN KEY (`cliente_id_cliente`)
    REFERENCES `mydb`.`cliente` (`id_cliente`)
    ON DELETE NO ACTION
    ON UPDATE NO ACTION)
ENGINE = InnoDB;

-- Inserto datos en venta

INSERT INTO `mydb`.`venta`
  (id_venta, Fecha_Venta, Total_Venta, Forma_De_Pago, Cantidad, cliente_id_cliente) VALUES
(1, '2024-06-15', 300, 'Efectivo', 2, 1),
(2, '2024-06-16', 450, 'Tarjeta', 3, 2);
-- -----------------------------------------------------
-- Table `mydb`.`contiene`
-- -----------------------------------------------------
DROP TABLE IF EXISTS `mydb`.`contiene` ;

CREATE TABLE IF NOT EXISTS `mydb`.`contiene` (
  `lote_medicamento_id_lote_medicamento` INT NOT NULL,
  `lote_medicamento_medicamento_id_medicamento` INT NOT NULL,
  `venta_id_venta` INT NOT NULL,
  `venta_cliente_id_cliente` INT NOT NULL,
  PRIMARY KEY (`lote_medicamento_id_lote_medicamento`, `lote_medicamento_medicamento_id_medicamento`, `venta_id_venta`, `venta_cliente_id_cliente`),
  INDEX `fk_lote_medicamento_has_venta_venta1_idx` (`venta_id_venta` ASC, `venta_cliente_id_cliente` ASC) VISIBLE,
  INDEX `fk_lote_medicamento_has_venta_lote_medicamento1_idx` (`lote_medicamento_id_lote_medicamento` ASC, `lote_medicamento_medicamento_id_medicamento` ASC) VISIBLE,
  CONSTRAINT `fk_lote_medicamento_has_venta_lote_medicamento1`
    FOREIGN KEY (`lote_medicamento_id_lote_medicamento` , `lote_medicamento_medicamento_id_medicamento`)
    REFERENCES `mydb`.`lote_medicamento` (`id_lote_medicamento` , `medicamento_id_medicamento`)
    ON DELETE NO ACTION
    ON UPDATE NO ACTION,
  CONSTRAINT `fk_lote_medicamento_has_venta_venta1`
    FOREIGN KEY (`venta_id_venta` , `venta_cliente_id_cliente`)
    REFERENCES `mydb`.`venta` (`id_venta` , `cliente_id_cliente`)
    ON DELETE NO ACTION
    ON UPDATE NO ACTION)
ENGINE = InnoDB;

-- Inserto datos en lote_medicamento

INSERT INTO `mydb`.`contiene` 
  (lote_medicamento_id_lote_medicamento, lote_medicamento_medicamento_id_medicamento, venta_id_venta, venta_cliente_id_cliente) VALUES
(1, 1, 1, 1),
(2, 2, 2, 2);
-- -----------------------------------------------------
-- Table `mydb`.`analisis_medicamento`
-- -----------------------------------------------------
DROP TABLE IF EXISTS `mydb`.`analisis_medicamento` ;

CREATE TABLE IF NOT EXISTS `mydb`.`analisis_medicamento` (
  `lote_medicamento_id_lote_medicamento` INT NOT NULL,
  `lote_medicamento_medicamento_id_medicamento` INT NOT NULL,
  `analisis_Id_Analisis` INT NOT NULL,
  `resultado_m` VARCHAR(45) NOT NULL,
  `fecha_analisis_m` DATE NOT NULL,
  PRIMARY KEY (`lote_medicamento_id_lote_medicamento`, `lote_medicamento_medicamento_id_medicamento`, `analisis_Id_Analisis`),
  INDEX `fk_lote_medicamento_has_analisis_analisis1_idx` (`analisis_Id_Analisis` ASC) VISIBLE,
  INDEX `fk_lote_medicamento_has_analisis_lote_medicamento1_idx` (`lote_medicamento_id_lote_medicamento` ASC, `lote_medicamento_medicamento_id_medicamento` ASC) VISIBLE,
  CONSTRAINT `fk_lote_medicamento_has_analisis_lote_medicamento1`
    FOREIGN KEY (`lote_medicamento_id_lote_medicamento` , `lote_medicamento_medicamento_id_medicamento`)
    REFERENCES `mydb`.`lote_medicamento` (`id_lote_medicamento` , `medicamento_id_medicamento`)
    ON DELETE NO ACTION
    ON UPDATE NO ACTION,
  CONSTRAINT `fk_lote_medicamento_has_analisis_analisis1`
    FOREIGN KEY (`analisis_Id_Analisis`)
    REFERENCES `mydb`.`analisis` (`Id_Analisis`)
    ON DELETE NO ACTION
    ON UPDATE NO ACTION)
ENGINE = InnoDB;

-- inserto datos en analisis_medicamento
INSERT INTO `mydb`.`analisis_medicamento`
  (lote_medicamento_id_lote_medicamento, lote_medicamento_medicamento_id_medicamento, analisis_Id_Analisis, resultado_m, fecha_analisis_m) VALUES
(1, 1, 1, 'Aprobado', '2024-06-20'),
(2, 2, 2, 'Pendiente', '2024-06-21');


-- -----------------------------------------------------
-- Table `mydb`.`analisis_d`
-- -----------------------------------------------------
DROP TABLE IF EXISTS `mydb`.`analisis_d` ;

CREATE TABLE IF NOT EXISTS `mydb`.`analisis_d` (
  `analisis_Id_Analisis` INT NOT NULL,
  `lote_droga_id_Lote_Droga` INT NOT NULL,
  `lote_droga_droga_id_droga` INT NOT NULL,
  `lote_droga_proveedor_id_proveedor` INT NOT NULL,
  `resultado_d` VARCHAR(45) NOT NULL,
  `fecha_analisis_d` DATE NOT NULL,
  PRIMARY KEY (`analisis_Id_Analisis`, `lote_droga_id_Lote_Droga`, `lote_droga_droga_id_droga`, `lote_droga_proveedor_id_proveedor`),
  INDEX `fk_analisis_has_lote_droga_lote_droga1_idx` (`lote_droga_id_Lote_Droga` ASC, `lote_droga_droga_id_droga` ASC, `lote_droga_proveedor_id_proveedor` ASC) VISIBLE,
  INDEX `fk_analisis_has_lote_droga_analisis1_idx` (`analisis_Id_Analisis` ASC) VISIBLE,
  CONSTRAINT `fk_analisis_has_lote_droga_analisis1`
    FOREIGN KEY (`analisis_Id_Analisis`)
    REFERENCES `mydb`.`analisis` (`Id_Analisis`)
    ON DELETE NO ACTION
    ON UPDATE NO ACTION,
  CONSTRAINT `fk_analisis_has_lote_droga_lote_droga1`
    FOREIGN KEY (`lote_droga_id_Lote_Droga` , `lote_droga_droga_id_droga` , `lote_droga_proveedor_id_proveedor`)
    REFERENCES `mydb`.`lote_droga` (`id_Lote_Droga` , `droga_id_droga` , `proveedor_id_proveedor`)
    ON DELETE NO ACTION
    ON UPDATE NO ACTION)
ENGINE = InnoDB;

-- Inserto datos en analisis_d
INSERT INTO `mydb`.`analisis_d`
  (analisis_Id_Analisis, lote_droga_id_Lote_Droga, lote_droga_droga_id_droga, lote_droga_proveedor_id_proveedor, resultado_d, fecha_analisis_d) VALUES
(1, 1, 1, 1, 'Aprobado', '2024-06-22'),
(2, 2, 2, 2, 'Rechazado', '2024-06-23');

-- -----------------------------------------------------
-- Table `mydb`.`inyectable`
-- -----------------------------------------------------
DROP TABLE IF EXISTS `mydb`.`inyectable` ;

CREATE TABLE IF NOT EXISTS `mydb`.`inyectable` (
  `id_medicamento` INT NOT NULL,
  `forma_droga` VARCHAR(45) NOT NULL,
  `velocidad_abs` VARCHAR(45) NOT NULL,
  `req_almacenamiento` VARCHAR(100) NOT NULL,
  PRIMARY KEY (`id_medicamento`),
  CONSTRAINT `fk_inyectable_medicamento`
    FOREIGN KEY (`id_medicamento`)
    REFERENCES `mydb`.`medicamento` (`id_medicamento`)
    ON DELETE NO ACTION
    ON UPDATE NO ACTION)
ENGINE = InnoDB;

-- Inserto datos en inyectable
INSERT INTO `mydb`.`inyectable` (id_medicamento, forma_droga, velocidad_abs, req_almacenamiento) VALUES
((SELECT id_medicamento FROM medicamento WHERE nombre='Voltaren inyectable'), 'Solución', 'Intermedia', 'Proteger de la luz y refrigeración');

-- -----------------------------------------------------
-- Table `mydb`.`capsula_blanda`
-- -----------------------------------------------------
DROP TABLE IF EXISTS `mydb`.`capsula_blanda` ;

CREATE TABLE IF NOT EXISTS `mydb`.`capsula_blanda` (
  `id_medicamento` INT NOT NULL,
  `excipientes` VARCHAR(45) NOT NULL,
  PRIMARY KEY (`id_medicamento`),
  CONSTRAINT `id_medicamento`
    FOREIGN KEY (`id_medicamento`)
    REFERENCES `mydb`.`medicamento` (`id_medicamento`)
    ON DELETE NO ACTION
    ON UPDATE NO ACTION)
ENGINE = InnoDB;

-- Inserto dato en capsula_blanda para Ibupirac cápsulas blandas
INSERT INTO `mydb`.`capsula_blanda` (id_medicamento, excipientes) VALUES
((SELECT id_medicamento FROM medicamento WHERE nombre='Ibupirac cápsulas blandas'), 'Glicerina');
-- -----------------------------------------------------
-- Table `mydb`.`comprimido`
-- -----------------------------------------------------
DROP TABLE IF EXISTS `mydb`.`comprimido` ;

CREATE TABLE IF NOT EXISTS `mydb`.`comprimido` (
  `id_medicamento` INT NOT NULL,
  `presentacion` VARCHAR(45) NOT NULL,
  `velocidad_abs` VARCHAR(45) NOT NULL,
  PRIMARY KEY (`id_medicamento`),
  CONSTRAINT `fk_comprimido_medicamento`
    FOREIGN KEY (`id_medicamento`)
    REFERENCES `mydb`.`medicamento` (`id_medicamento`)
    ON DELETE NO ACTION
    ON UPDATE NO ACTION)
ENGINE = InnoDB;

-- -- Inserto dato en comprimido para Ibupirac Alivio Inmediato comprimidos
INSERT INTO `mydb`.`comprimido` (id_medicamento, presentacion, velocidad_abs) VALUES
((SELECT id_medicamento FROM medicamento WHERE nombre='Ibupirac Alivio Inmediato comprimidos'), 'Blister', 'Liberación inmediata');
-- -----------------------------------------------------
-- Table `mydb`.`produce`
-- -----------------------------------------------------
DROP TABLE IF EXISTS `mydb`.`produce` ;

CREATE TABLE IF NOT EXISTS `mydb`.`produce` (
  `lote_droga_id_Lote_Droga` INT NOT NULL,
  `lote_droga_droga_id_droga` INT NOT NULL,
  `lote_droga_proveedor_id_proveedor` INT NOT NULL,
  `lote_medicamento_id_lote_medicamento` INT NOT NULL,
  `lote_medicamento_medicamento_id_medicamento` INT NOT NULL,
  PRIMARY KEY (`lote_droga_id_Lote_Droga`, `lote_droga_droga_id_droga`, `lote_droga_proveedor_id_proveedor`, `lote_medicamento_id_lote_medicamento`, `lote_medicamento_medicamento_id_medicamento`),
  INDEX `fk_lote_droga_has_lote_medicamento_lote_medicamento1_idx` (`lote_medicamento_id_lote_medicamento` ASC, `lote_medicamento_medicamento_id_medicamento` ASC) VISIBLE,
  INDEX `fk_lote_droga_has_lote_medicamento_lote_droga1_idx` (`lote_droga_id_Lote_Droga` ASC, `lote_droga_droga_id_droga` ASC, `lote_droga_proveedor_id_proveedor` ASC) VISIBLE,
  CONSTRAINT `fk_lote_droga_has_lote_medicamento_lote_droga1`
    FOREIGN KEY (`lote_droga_id_Lote_Droga` , `lote_droga_droga_id_droga` , `lote_droga_proveedor_id_proveedor`)
    REFERENCES `mydb`.`lote_droga` (`id_Lote_Droga` , `droga_id_droga` , `proveedor_id_proveedor`)
    ON DELETE NO ACTION
    ON UPDATE NO ACTION,
  CONSTRAINT `fk_lote_droga_has_lote_medicamento_lote_medicamento1`
    FOREIGN KEY (`lote_medicamento_id_lote_medicamento` , `lote_medicamento_medicamento_id_medicamento`)
    REFERENCES `mydb`.`lote_medicamento` (`id_lote_medicamento` , `medicamento_id_medicamento`)
    ON DELETE NO ACTION
    ON UPDATE NO ACTION)
ENGINE = InnoDB;


SET SQL_MODE=@OLD_SQL_MODE;
SET FOREIGN_KEY_CHECKS=@OLD_FOREIGN_KEY_CHECKS;
SET UNIQUE_CHECKS=@OLD_UNIQUE_CHECKS;
